[{"model": "admin.logentry", "pk": 14, "fields": {"action_time": "2021-12-11T16:36:32.819Z", "user": 4, "content_type": 4, "object_id": "2", "object_repr": "Jtest", "action_flag": 2, "change_message": "[{\"changed\": {\"fields\": [\"First name\", \"Last name\"]}}]"}}, {"model": "admin.logentry", "pk": 15, "fields": {"action_time": "2021-12-13T16:55:40.705Z", "user": 4, "content_type": 14, "object_id": "10", "object_repr": "Test Product", "action_flag": 3, "change_message": ""}}, {"model": "admin.logentry", "pk": 16, "fields": {"action_time": "2021-12-13T18:06:19.568Z", "user": 4, "content_type": 14, "object_id": "10", "object_repr": "Test111", "action_flag": 3, "change_message": ""}}, {"model": "admin.logentry", "pk": 17, "fields": {"action_time": "2021-12-13T18:17:33.516Z", "user": 4, "content_type": 14, "object_id": "11", "object_repr": "Test Product", "action_flag": 3, "change_message": ""}}, {"model": "admin.logentry", "pk": 18, "fields": {"action_time": "2021-12-13T18:18:16.723Z", "user": 4, "content_type": 14, "object_id": "12", "object_repr": "Test Product", "action_flag": 1, "change_message": "[{\"added\": {}}]"}}, {"model": "admin.logentry", "pk": 19, "fields": {"action_time": "2021-12-13T18:22:00.129Z", "user": 4, "content_type": 14, "object_id": "12", "object_repr": "Test Product", "action_flag": 3, "change_message": ""}}, {"model": "admin.logentry", "pk": 20, "fields": {"action_time": "2021-12-14T13:31:15.296Z", "user": 4, "content_type": 14, "object_id": "13", "object_repr": "Test Product", "action_flag": 3, "change_message": ""}}, {"model": "admin.logentry", "pk": 21, "fields": {"action_time": "2021-12-21T16:28:46.446Z", "user": 4, "content_type": 18, "object_id": "1", "object_repr": "barbell_boss", "action_flag": 1, "change_message": "[{\"added\": {}}]"}}, {"model": "admin.logentry", "pk": 22, "fields": {"action_time": "2021-12-21T16:58:10.764Z", "user": 4, "content_type": 18, "object_id": "2", "object_repr": "barbell_graft", "action_flag": 1, "change_message": "[{\"added\": {}}]"}}, {"model": "admin.logentry", "pk": 23, "fields": {"action_time": "2021-12-21T17:05:46.950Z", "user": 4, "content_type": 19, "object_id": "1", "object_repr": "Gavin Smith", "action_flag": 1, "change_message": "[{\"added\": {}}]"}}, {"model": "admin.logentry", "pk": 24, "fields": {"action_time": "2021-12-21T17:10:52.492Z", "user": 4, "content_type": 19, "object_id": "2", "object_repr": "Cam Wallace", "action_flag": 1, "change_message": "[{\"added\": {}}]"}}, {"model": "admin.logentry", "pk": 25, "fields": {"action_time": "2021-12-23T15:57:03.993Z", "user": 4, "content_type": 18, "object_id": "1", "object_repr": "barbell_boss", "action_flag": 2, "change_message": "[{\"changed\": {\"fields\": [\"Image\"]}}]"}}, {"model": "admin.logentry", "pk": 26, "fields": {"action_time": "2021-12-23T15:59:50.696Z", "user": 4, "content_type": 18, "object_id": "1", "object_repr": "barbell_boss", "action_flag": 2, "change_message": "[{\"changed\": {\"fields\": [\"Image\"]}}]"}}, {"model": "admin.logentry", "pk": 27, "fields": {"action_time": "2021-12-24T00:06:40.036Z", "user": 4, "content_type": 19, "object_id": "1", "object_repr": "Gavin Smith", "action_flag": 2, "change_message": "[{\"changed\": {\"fields\": [\"Qualifications\", \"Image\"]}}]"}}, {"model": "admin.logentry", "pk": 28, "fields": {"action_time": "2021-12-24T00:07:10.562Z", "user": 4, "content_type": 19, "object_id": "1", "object_repr": "Gavin Smith", "action_flag": 2, "change_message": "[{\"changed\": {\"fields\": [\"Image\"]}}]"}}, {"model": "admin.logentry", "pk": 29, "fields": {"action_time": "2021-12-24T00:11:10.755Z", "user": 4, "content_type": 19, "object_id": "2", "object_repr": "Cam Wallace", "action_flag": 2, "change_message": "[{\"changed\": {\"fields\": [\"Qualifications\", \"Image\"]}}]"}}, {"model": "admin.logentry", "pk": 30, "fields": {"action_time": "2021-12-24T00:11:41.660Z", "user": 4, "content_type": 19, "object_id": "2", "object_repr": "Cam Wallace", "action_flag": 2, "change_message": "[{\"changed\": {\"fields\": [\"Image\"]}}]"}}, {"model": "admin.logentry", "pk": 31, "fields": {"action_time": "2021-12-24T00:32:24.748Z", "user": 4, "content_type": 7, "object_id": "1", "object_repr": "thebarbellgym-bathgate.com", "action_flag": 2, "change_message": "[{\"changed\": {\"fields\": [\"Domain name\", \"Display name\"]}}]"}}, {"model": "admin.logentry", "pk": 32, "fields": {"action_time": "2021-12-24T02:53:41.076Z", "user": 4, "content_type": 18, "object_id": "3", "object_repr": "Jtest", "action_flag": 3, "change_message": ""}}, {"model": "admin.logentry", "pk": 33, "fields": {"action_time": "2021-12-24T03:50:04.891Z", "user": 4, "content_type": 8, "object_id": "3", "object_repr": "johnw.avenger92@gmail.com", "action_flag": 3, "change_message": ""}}, {"model": "admin.logentry", "pk": 34, "fields": {"action_time": "2021-12-24T03:50:04.896Z", "user": 4, "content_type": 8, "object_id": "2", "object_repr": "test@test.com", "action_flag": 3, "change_message": ""}}, {"model": "admin.logentry", "pk": 35, "fields": {"action_time": "2021-12-24T03:50:04.899Z", "user": 4, "content_type": 8, "object_id": "1", "object_repr": "john.wallace@heineken.co.uk", "action_flag": 3, "change_message": ""}}, {"model": "admin.logentry", "pk": 36, "fields": {"action_time": "2021-12-24T03:50:28.315Z", "user": 4, "content_type": 4, "object_id": "1", "object_repr": "jwall89", "action_flag": 3, "change_message": ""}}, {"model": "admin.logentry", "pk": 37, "fields": {"action_time": "2021-12-24T03:50:37.777Z", "user": 4, "content_type": 4, "object_id": "2", "object_repr": "Jtest", "action_flag": 3, "change_message": ""}}, {"model": "admin.logentry", "pk": 38, "fields": {"action_time": "2021-12-24T03:55:44.343Z", "user": 4, "content_type": 4, "object_id": "3", "object_repr": "TestUser1", "action_flag": 3, "change_message": ""}}, {"model": "auth.user", "pk": 4, "fields": {"password": "pbkdf2_sha256$260000$OVyl3uXdnsml9wDI0jS3nM$ObzOtaJ5NrgFDlQaLaYHK3jtUgPnSfT4Dxeo16Gtl6k=", "last_login": "2021-12-24T03:49:34.221Z", "is_superuser": true, "username": "jwalla89", "first_name": "", "last_name": "", "email": "john.wallace@heineken.co.uk", "is_staff": true, "is_active": true, "date_joined": "2021-12-11T16:35:17.971Z", "groups": [], "user_permissions": []}}, {"model": "sessions.session", "pk": "130r5eogyxfgx92v3hume2x291dpz562", "fields": {"session_data": "eyJiYXNrZXQiOnsiNSI6eyJpdGVtc19ieV9zaXplIjp7Im0iOjJ9fX19:1myz4P:D2n2gp_ELAK_mwQQ0r8QmT-ZlEpboTUQ57rSdFiVGow", "expire_date": "2022-01-02T16:29:57.752Z"}}, {"model": "sessions.session", "pk": "4agm9sqxgbs1ty4xl3mgphkljsi38cb5", "fields": {"session_data": ".eJxVjMsOwiAQRf-FtSG8oS7d-w0EmBmpGkhKuzL-uzbpQrf3nHNfLKZtrXEbuMQZ2JkZdvrdcioPbDuAe2q3zktv6zJnviv8oINfO-Dzcrh_BzWN-q2lkjk4nadiiKwg1KgceKEApdYhGARKVnlJkyoCcwjOekFOOwOEPrD3B98tN7k:1n0bgG:OcwJbgWrwq9Tze92TooS7EHfuWjMppkJQeGP2zvyi_s", "expire_date": "2022-01-07T03:55:44.466Z"}}, {"model": "sessions.session", "pk": "bqkoss2a0uao5clk28kyj1utwhstkxoh", "fields": {"session_data": "eyJzYXZlX2luZm8iOmZhbHNlfQ:1mv20n:xj8Cqp1UWFOGGDhCVhauuJgN8FUP6xIM1FSPhsTMCOE", "expire_date": "2021-12-22T18:49:53.413Z"}}, {"model": "sessions.session", "pk": "dgs6g5b7p3dii4qg6z8vymc6q64j277h", "fields": {"session_data": "e30:1mw5IW:qH6rkb2yKTn3FQdK8IZryeyykoL_khIaOoJyeDlXx3I", "expire_date": "2021-12-25T16:32:32.802Z"}}, {"model": "sessions.session", "pk": "hcfbti8y1wyindtrncps7af83xsx0j3p", "fields": {"session_data": "e30:1mw5JT:CwxnZ_F7wrsbnpo_xj7-MGzIkFrt8VbhQMSRfZKSEB8", "expire_date": "2021-12-25T16:33:31.521Z"}}, {"model": "sessions.session", "pk": "mtnrs9ujw1mko3p6p2epekeug7zvq4a0", "fields": {"session_data": ".eJxVjEEKwjAQAP-Ss4RN0rSpR---IWx3VxuVRJoWFPHvUulBrzPDvFTEZR7jUmWKidVeWbX7ZQPSVfIq-IL5XDSVPE9p0GuiN1v1sbDcDlv7NxixjutWyHdk6GSG0GAnDj0T-YYYfA8C1roGQhDqnAdjnbTBAPUBWwZk_k6r1JpKjvK4p-mp9vD-AJOqPyg:1mw3pV:9au5KbeHx4t7Y-LKF6T7tsjaAmURFOnWDotPntMUOeM", "expire_date": "2021-12-25T14:58:29.112Z"}}, {"model": "sessions.session", "pk": "oj4xgb6a6c7lei3wgvfjbwjazhqzgjzd", "fields": {"session_data": ".eJxVjDsOwyAYg-_CXCFeAZKxe8-AePw0NE2QAhnaqHdvkDK0Hjz4s70jY7c6mq3AalJAAxLo8ps56ydYGggPu9wz9nmpa3K4VfBJC77lAM_r2f07GG0ZjzVl1GnJXe9FjB2JwIHJoAgLQDnXWkCItmOKxp55Ak5r2SkSJZciRFD6OHW2TFDRsCPWLFWYi3EvU9IbWjCjgX4OfQHeekWF:1n0aiD:zG8EHTpdc2YrRYiA0ZHswiClCSaPQ1RYLZ-sjZ9ch5Y", "expire_date": "2022-01-07T02:53:41.222Z"}}, {"model": "sessions.session", "pk": "qam7t1ij6fauahf1i4ud13zpurh2hgv2", "fields": {"session_data": ".eJyrVkpKLM5OLVGyqlayBBGZJam5xfFJlfHFmVWpIIFcJSvD2lodJSM8srW1AHQUGHw:1mvhou:__mJS5LiWaYkH2frqc0zN8FG4m7LLYksi0-T5NHXbj0", "expire_date": "2021-12-24T15:28:24.231Z"}}, {"model": "sessions.session", "pk": "s4tsaybclvzb2gukj0ypvbk9kv7kcpci", "fields": {"session_data": ".eJxVjDkOgzAURO_ya2ThFUOZPmewvHwHhwQkDEWCfPfEEg3NFG_ezAHO5gk3GA6QNdKG72zcx-T0xQreMPAGMgy0lNKAsfs2mj3jalKAAQRcmLN-wrkW4Wnnx0L8Mm9rcqQq5GwzuS8BX7fTvRyMNo__NWXUacVd70WMso3IkanQtSwg5VxrgSFayToae-ZbdFor2bVRcSVCxE5D-QFzg0bY:1n03pX:WitzdO8LXphQphkdQK5aDhEK11FdMim90-nOl0j9G2c", "expire_date": "2022-01-05T15:47:03.978Z"}}, {"model": "sessions.session", "pk": "vq6n12v1n0lfu50mmodyn5mskcg371lk", "fields": {"session_data": ".eJxVjDsOwyAQBe9CHSF-Buwyvc-AgN2NnUQgGTtNlLvHllwk7Zt582YhbusUtoZLmIENzLDL75ZifmA5ANxjuVWea1mXOfFD4SdtfKyAz-vp_gWm2Kb9LZVM3urUZ0PUCUKNyoITClBq7b1BoNgpJ6lXWWDy3nZOkNXWAKHze7TFF4a5UGXDumz4-QLFAz3d:1mxAKl:pidLdag_pvMTzTCF0qzox2AX5W4HgS8X6FFrxnsfQ7k", "expire_date": "2021-12-28T16:07:19.627Z"}}, {"model": "sessions.session", "pk": "wm9fg7b8293r8x776wiy2tsqxdiybo0v", "fields": {"session_data": ".eJxVjMsOwiAUBf-FtSG8CrRL934D4XGvRQ2Y0hqN8d9tk266nZlzvqT5F7hcsJIB_aPBibgGreVaHLyfefqQga3ML_PolgaTy4kMRJEDCz7eoWwi3Xy5Vhprmacc6JbQ3TZ6qQke5709HIy-jeuaCx6slqGPCrFjCBKEToaJBFxKaxUk9J0wHHsRGQRrdWcYaqlVQjCW_P4VTkVl:1mwqGZ:24xzh3hp4OBjJ12HzDyp0IEmGpqJaQwQMDqAV_Zm6x0", "expire_date": "2021-12-27T18:41:39.724Z"}}, {"model": "sites.site", "pk": 1, "fields": {"domain": "thebarbellgym-bathgate.com", "name": "thebarbellgym-bathgate.com"}}, {"model": "products.category", "pk": 1, "fields": {"name": "tshirts", "friendly_name": "T-Shirts"}}, {"model": "products.category", "pk": 2, "fields": {"name": "sweatshirts", "friendly_name": "Sweatshirts"}}, {"model": "products.category", "pk": 3, "fields": {"name": "legging_sets", "friendly_name": "Legging Sets"}}, {"model": "products.category", "pk": 4, "fields": {"name": "belts", "friendly_name": "Weightlifting Belts"}}, {"model": "products.product", "pk": 1, "fields": {"category": 1, "sku": null, "name": "Barbell T-shirt", "description": "Lightweight gym T-shirt with Barbell Logo. Available in a variety of colour combinations!", "has_sizes": true, "price": "20.00", "rating": null, "image_url": null, "image": "tshirt_black_green_477693606887155.jpeg", "in_stock": true}}, {"model": "products.product", "pk": 2, "fields": {"category": 2, "sku": null, "name": "Barbell Sweatshirt (Dark Grey and White)", "description": "Dark grey sweatshirt with the Barbell logo in white. Perfect for those cold gym sessions.", "has_sizes": true, "price": "30.00", "rating": null, "image_url": null, "image": "jumper_grey_263023458991652.jpeg", "in_stock": true}}, {"model": "products.product", "pk": 3, "fields": {"category": 2, "sku": null, "name": "Barbell Sweatshirt (Black and White)", "description": "Black sweatshirt with the Barbell logo in white. Perfect for those cold gym sessions.", "has_sizes": true, "price": "30.00", "rating": null, "image_url": null, "image": "jumper_black_1057624781721164.jpeg", "in_stock": true}}, {"model": "products.product", "pk": 4, "fields": {"category": 3, "sku": null, "name": "Barbell Beast (Grey and Black)", "description": "Barbell top and leggings in black and grey. Squat proof legging = Epic lifts.", "has_sizes": true, "price": "40.00", "rating": null, "image_url": null, "image": "barbell_beast_gb_949872695624145.jpeg", "in_stock": true}}, {"model": "products.product", "pk": 5, "fields": {"category": 3, "sku": null, "name": "Barbell Luna (Black)", "description": "Barbell top and legging shorts in black. Squat proof leggings = Epic lifts.", "has_sizes": true, "price": "40.00", "rating": null, "image_url": null, "image": "luna_black_431463668541973.jpeg", "in_stock": true}}, {"model": "products.product", "pk": 6, "fields": {"category": 3, "sku": null, "name": "Barbell Luna (Sage Green)", "description": "Barbell top and legging shorts in sage green. Squat proof leggings = Epic lifts.", "has_sizes": true, "price": "40.00", "rating": null, "image_url": null, "image": "luna_sage_327253628825527.jpeg", "in_stock": true}}, {"model": "products.product", "pk": 7, "fields": {"category": 3, "sku": null, "name": "Barbell Luna (Yellow)", "description": "Barbell top and legging shorts in Yellow. Squat proof leggings = Epic lifts.", "has_sizes": true, "price": "40.00", "rating": null, "image_url": null, "image": "luna_yellow_295420332588499.jpeg", "in_stock": true}}, {"model": "products.product", "pk": 8, "fields": {"category": 4, "sku": null, "name": "Weightlifting Belt (Black and Pink)", "description": "Stainless steel lever weightlifting belt, embossed with the Barbell logo, in black and pink. Keeping everything tight for those big lifts.", "has_sizes": true, "price": "45.00", "rating": null, "image_url": null, "image": "belt_pink_206017571592769.jpeg", "in_stock": false}}, {"model": "products.product", "pk": 9, "fields": {"category": 4, "sku": null, "name": "Weightlifting Belt (Black and White)", "description": "Stainless steel lever weightlifting belt, embossed with the Barbell logo, in black and white. Keeping everything tight for those big lifts.", "has_sizes": true, "price": "45.00", "rating": null, "image_url": null, "image": "belt_bw_1116191405849734.jpeg", "in_stock": true}}, {"model": "checkout.order", "pk": 1, "fields": {"user_profile": null, "order_number": "ADF030AC868C4DC59C96D3BC70CBE24B", "full_name": "Test", "email": "test@email.com", "phone_number": "07785316656", "country": "GB", "postcode": "TE 5ET", "town_or_city": "Test", "street_address1": "Test road", "street_address2": "Test", "county": "Hobbiton", "date": "2021-12-08T18:49:53.313Z", "order_total": "30.00", "original_basket": "{\"3\": {\"items_by_size\": {\"l\": 1}}}", "stripe_pid": "pi_3K4VCYG8y5o5wiaY1p1xAEAc", "order_fulfilled": false}}, {"model": "checkout.order", "pk": 2, "fields": {"user_profile": null, "order_number": "62DD0E14EFC84FB691D79A0767F41908", "full_name": "Test", "email": "test@email.com", "phone_number": "07785316656", "country": "GB", "postcode": "T35 e5t", "town_or_city": "Test", "street_address1": "Test road", "street_address2": "Test", "county": "Hobbiton", "date": "2021-12-09T12:16:15.029Z", "order_total": "45.00", "original_basket": "{\"9\": {\"items_by_size\": {\"m\": 1}}}", "stripe_pid": "pi_3K4lXTG8y5o5wiaY06rRc3j0", "order_fulfilled": false}}, {"model": "checkout.order", "pk": 3, "fields": {"user_profile": null, "order_number": "BC534C18DD2E45D49E447023B3FC09AD", "full_name": "Test", "email": "test@email.com", "phone_number": "07785316656", "country": "GB", "postcode": "TE 5ET", "town_or_city": "Test", "street_address1": "Test road", "street_address2": "Test", "county": "Hobbiton", "date": "2021-12-09T12:51:22.863Z", "order_total": "80.00", "original_basket": "{\"4\": {\"items_by_size\": {\"l\": 2}}}", "stripe_pid": "pi_3K4m5PG8y5o5wiaY12kaL6Nr", "order_fulfilled": false}}, {"model": "checkout.order", "pk": 4, "fields": {"user_profile": null, "order_number": "A42034E2B5544690A4BCF561A00F9007", "full_name": "Test", "email": "test@email.com", "phone_number": "07785316656", "country": "GB", "postcode": "TE 5ET", "town_or_city": "Test", "street_address1": "Test road", "street_address2": "Test", "county": "Hobbiton", "date": "2021-12-09T12:54:18.478Z", "order_total": "170.00", "original_basket": "{\"4\": {\"items_by_size\": {\"m\": 2}}, \"8\": {\"items_by_size\": {\"m\": 2}}}", "stripe_pid": "pi_3K4m8LG8y5o5wiaY0o5M4bIg", "order_fulfilled": false}}, {"model": "checkout.order", "pk": 5, "fields": {"user_profile": null, "order_number": "8EF8B8DE37FC45C588532FCEA46AAE4D", "full_name": "Test", "email": "test@email.com", "phone_number": "07785316656", "country": "GB", "postcode": "T35 e5t", "town_or_city": "Test", "street_address1": "Test road", "street_address2": "Test", "county": "Hobbiton", "date": "2021-12-09T14:22:16.088Z", "order_total": "135.00", "original_basket": "{\"8\": {\"items_by_size\": {\"s\": 3}}}", "stripe_pid": "pi_3K4nVQG8y5o5wiaY03otVa5S", "order_fulfilled": false}}, {"model": "checkout.order", "pk": 6, "fields": {"user_profile": null, "order_number": "BF33DA15FC794FD6AABABA9B4B5B5CA6", "full_name": "Test", "email": "test@email.com", "phone_number": "07785316656", "country": "GB", "postcode": "TE 5ET", "town_or_city": "Test", "street_address1": "Test road", "street_address2": "Test", "county": "Hobbiton", "date": "2021-12-09T15:05:42.746Z", "order_total": "45.00", "original_basket": "{\"9\": {\"items_by_size\": {\"s\": 1}}}", "stripe_pid": "pi_3K4oBUG8y5o5wiaY03bG9VRs", "order_fulfilled": false}}, {"model": "checkout.order", "pk": 7, "fields": {"user_profile": null, "order_number": "4265F8A2BAD945D5A87798CC3606DD51", "full_name": "Test", "email": "test@email.com", "phone_number": "07785316656", "country": "GB", "postcode": "TE 5ET", "town_or_city": "Test", "street_address1": "Test road", "street_address2": "Test", "county": "Hobbiton", "date": "2021-12-09T15:07:35.558Z", "order_total": "30.00", "original_basket": "{\"2\": {\"items_by_size\": {\"m\": 1}}}", "stripe_pid": "pi_3K4oDJG8y5o5wiaY1GnTIKfN", "order_fulfilled": false}}, {"model": "checkout.order", "pk": 8, "fields": {"user_profile": null, "order_number": "F8FD3DB1CAE04134A9B8D0B8DA206F23", "full_name": "Test", "email": "test@email.com", "phone_number": "07785316656", "country": "GB", "postcode": "TE 5ET", "town_or_city": "Test", "street_address1": "Test road", "street_address2": "Test", "county": "Hobbiton", "date": "2021-12-09T18:01:26.147Z", "order_total": "120.00", "original_basket": "{\"5\": {\"items_by_size\": {\"m\": 3}}}", "stripe_pid": "pi_3K4qvRG8y5o5wiaY1uWfBkWH", "order_fulfilled": false}}, {"model": "checkout.order", "pk": 9, "fields": {"user_profile": null, "order_number": "17A1969AC8E34E069F6D60BE2CAA86BC", "full_name": "Test", "email": "test@email.com", "phone_number": "07785316656", "country": "GB", "postcode": "TE 5ET", "town_or_city": "Test", "street_address1": "Test road", "street_address2": "Test", "county": "Hobbiton", "date": "2021-12-09T18:57:18.295Z", "order_total": "40.00", "original_basket": "{\"7\": {\"items_by_size\": {\"m\": 1}}}", "stripe_pid": "pi_3K4rnNG8y5o5wiaY1Dka4u3C", "order_fulfilled": false}}, {"model": "checkout.order", "pk": 10, "fields": {"user_profile": null, "order_number": "7F46A15CA6C64821AD14F79BFCAA5512", "full_name": "Test", "email": "test@email.com", "phone_number": "07785316656", "country": "GB", "postcode": "T35 e5t", "town_or_city": "Test", "street_address1": "Test road", "street_address2": "Test", "county": "Hobbiton", "date": "2021-12-09T19:30:20.768Z", "order_total": "30.00", "original_basket": "{\"3\": {\"items_by_size\": {\"m\": 1}}}", "stripe_pid": "pi_3K4sJOG8y5o5wiaY1QUPdvwa", "order_fulfilled": false}}, {"model": "checkout.order", "pk": 11, "fields": {"user_profile": null, "order_number": "CC91AD7AEB1F49DEBA4CB38464D94739", "full_name": "Test", "email": "test@email.com", "phone_number": "07785316656", "country": "GB", "postcode": "T35 e5t", "town_or_city": "Test", "street_address1": "Test road", "street_address2": "Test", "county": "Hobbiton", "date": "2021-12-09T19:34:40.633Z", "order_total": "45.00", "original_basket": "{\"9\": {\"items_by_size\": {\"m\": 1}}}", "stripe_pid": "pi_3K4sNlG8y5o5wiaY18YoRsP6", "order_fulfilled": false}}, {"model": "checkout.order", "pk": 12, "fields": {"user_profile": null, "order_number": "69182B8789C34792BC08D28EA8AC3D02", "full_name": "Test", "email": "test@email.com", "phone_number": "07785316656", "country": "GB", "postcode": "TE 5ET", "town_or_city": "Test", "street_address1": "Test road", "street_address2": "Test", "county": "Hobbiton", "date": "2021-12-09T19:42:55.198Z", "order_total": "40.00", "original_basket": "{\"6\": {\"items_by_size\": {\"m\": 1}}}", "stripe_pid": "pi_3K4sVIG8y5o5wiaY1Th8MLdl", "order_fulfilled": false}}, {"model": "checkout.order", "pk": 13, "fields": {"user_profile": null, "order_number": "29B5A19AA21946B5B0CB5179B49ED078", "full_name": "Test", "email": "test@email.com", "phone_number": "07785316656", "country": "GB", "postcode": "T35 e5t", "town_or_city": "Test", "street_address1": "Test road", "street_address2": "Test", "county": "Hobbiton", "date": "2021-12-10T15:33:58.712Z", "order_total": "40.00", "original_basket": "{\"5\": {\"items_by_size\": {\"m\": 1}}}", "stripe_pid": "pi_3K5B60G8y5o5wiaY0jeCX5At", "order_fulfilled": false}}, {"model": "checkout.order", "pk": 14, "fields": {"user_profile": null, "order_number": "21D779EFB1054AF39CA263415E05DC7A", "full_name": "Test", "email": "test@email.com", "phone_number": "07785316656", "country": "GB", "postcode": "TE 5ET", "town_or_city": "Test", "street_address1": "Test road", "street_address2": "Test", "county": "Hobbiton", "date": "2021-12-10T16:34:27.685Z", "order_total": "45.00", "original_basket": "{\"9\": {\"items_by_size\": {\"m\": 1}}}", "stripe_pid": "pi_3K5C2SG8y5o5wiaY1K3G5ArY", "order_fulfilled": false}}, {"model": "checkout.order", "pk": 15, "fields": {"user_profile": null, "order_number": "CF5BF186CF684ABC92C94C711517A6DF", "full_name": "Jack Test", "email": "test@email.com", "phone_number": "11111111111111111111", "country": "GB", "postcode": "TE 5ET", "town_or_city": "Test", "street_address1": "Test road", "street_address2": "Test", "county": "Hobbiton", "date": "2021-12-11T16:16:23.849Z", "order_total": "40.00", "original_basket": "{\"6\": {\"items_by_size\": {\"m\": 1}}}", "stripe_pid": "pi_3K5YETG8y5o5wiaY0KaFHvsw", "order_fulfilled": false}}, {"model": "checkout.order", "pk": 16, "fields": {"user_profile": null, "order_number": "CC555B76FE6342DA9FAA80348906310C", "full_name": "Jack Test", "email": "test@email.com", "phone_number": "07785316656", "country": "GB", "postcode": "TE 5ET", "town_or_city": "Test", "street_address1": "Test road", "street_address2": "Test", "county": "Hobbiton", "date": "2021-12-11T16:20:55.794Z", "order_total": "30.00", "original_basket": "{\"3\": {\"items_by_size\": {\"m\": 1}}}", "stripe_pid": "pi_3K5YJ1G8y5o5wiaY0ja5vfCM", "order_fulfilled": false}}, {"model": "checkout.order", "pk": 17, "fields": {"user_profile": null, "order_number": "41E44127BB6E41AFB59223246FA11D8E", "full_name": "Jack Test", "email": "test@email.com", "phone_number": "07785316656", "country": "GB", "postcode": "TE 5ET", "town_or_city": "Test", "street_address1": "Test road", "street_address2": "Test", "county": "Hobbiton", "date": "2021-12-11T16:23:44.220Z", "order_total": "45.00", "original_basket": "{\"9\": {\"items_by_size\": {\"m\": 1}}}", "stripe_pid": "pi_3K5YM3G8y5o5wiaY0CGSIlAX", "order_fulfilled": false}}, {"model": "checkout.order", "pk": 18, "fields": {"user_profile": null, "order_number": "0A53ADCC20FC4F12A01CD9024F7FAD23", "full_name": "Jack Test", "email": "test@email.com", "phone_number": "07785316656", "country": "GB", "postcode": "TE 5ET", "town_or_city": "Test", "street_address1": "Test road", "street_address2": "Test", "county": "Hobbiton", "date": "2021-12-11T16:37:54.085Z", "order_total": "40.00", "original_basket": "{\"4\": {\"items_by_size\": {\"m\": 1}}}", "stripe_pid": "pi_3K5YZcG8y5o5wiaY0WXGCq0x", "order_fulfilled": false}}, {"model": "checkout.order", "pk": 19, "fields": {"user_profile": null, "order_number": "4E38F746DD7245F48AFAA6845AA56CAB", "full_name": "Jack Test", "email": "test@email.com", "phone_number": "07785316656", "country": "GB", "postcode": "TE 5ET", "town_or_city": "Test", "street_address1": "Test road", "street_address2": "Test", "county": "Hobbiton", "date": "2021-12-11T16:51:22.920Z", "order_total": "50.00", "original_basket": "{\"3\": {\"items_by_size\": {\"m\": 1}}, \"1\": {\"items_by_size\": {\"m\": 1}}}", "stripe_pid": "pi_3K5YmfG8y5o5wiaY0JM455aQ", "order_fulfilled": false}}, {"model": "checkout.order", "pk": 20, "fields": {"user_profile": null, "order_number": "010C457DA0B44916B498753FFEF10057", "full_name": "Jack Test", "email": "test@email.com", "phone_number": "07785316656", "country": "GB", "postcode": "TE 5ET", "town_or_city": "Test", "street_address1": "Test road", "street_address2": "Test", "county": "Hobbiton", "date": "2021-12-11T17:00:35.504Z", "order_total": "40.00", "original_basket": "{\"4\": {\"items_by_size\": {\"m\": 1}}}", "stripe_pid": "pi_3K5YvjG8y5o5wiaY1Kuwzaw8", "order_fulfilled": false}}, {"model": "checkout.order", "pk": 21, "fields": {"user_profile": null, "order_number": "988C75CF764B44E28BC22C3CCCE2BDD9", "full_name": "Jack Test", "email": "test@email.com", "phone_number": "07785316656", "country": "", "postcode": null, "town_or_city": "", "street_address1": "", "street_address2": null, "county": null, "date": "2021-12-11T17:10:23.471Z", "order_total": "30.00", "original_basket": "{\"2\": {\"items_by_size\": {\"m\": 1}}}", "stripe_pid": "pi_3K5Z3gG8y5o5wiaY0hBJiFcH", "order_fulfilled": false}}, {"model": "checkout.order", "pk": 22, "fields": {"user_profile": null, "order_number": "9E556D8E604644498ED1BDDD1A83DEAB", "full_name": "Jack Test", "email": "test@email.com", "phone_number": "07785316656", "country": "GB", "postcode": "TE 5ET", "town_or_city": "Test", "street_address1": "Test road", "street_address2": "Test", "county": "Hobbiton", "date": "2021-12-11T17:56:38.957Z", "order_total": "30.00", "original_basket": "{\"2\": {\"items_by_size\": {\"m\": 1}}}", "stripe_pid": "pi_3K5ZnHG8y5o5wiaY1wVtif5y", "order_fulfilled": false}}, {"model": "checkout.order", "pk": 23, "fields": {"user_profile": 3, "order_number": "AAA4095AA07A4E529C70D510BE6E16DB", "full_name": "Test", "email": "test@email.com", "phone_number": "07785316656", "country": "GB", "postcode": "EH12 9JZ", "town_or_city": "Test", "street_address1": "Test road", "street_address2": "Test", "county": "Hobbiton", "date": "2021-12-14T16:07:19.473Z", "order_total": "60.00", "original_basket": "{\"2\": {\"items_by_size\": {\"m\": 2}}}", "stripe_pid": "pi_3K6dWIG8y5o5wiaY0xNn7sF9", "order_fulfilled": false}}, {"model": "checkout.orderlineitem", "pk": 1, "fields": {"order": 1, "product": 3, "product_size": "l", "quantity": 1, "lineitem_total": "30.00"}}, {"model": "checkout.orderlineitem", "pk": 2, "fields": {"order": 2, "product": 9, "product_size": "m", "quantity": 1, "lineitem_total": "45.00"}}, {"model": "checkout.orderlineitem", "pk": 3, "fields": {"order": 3, "product": 4, "product_size": "l", "quantity": 2, "lineitem_total": "80.00"}}, {"model": "checkout.orderlineitem", "pk": 4, "fields": {"order": 4, "product": 4, "product_size": "m", "quantity": 2, "lineitem_total": "80.00"}}, {"model": "checkout.orderlineitem", "pk": 5, "fields": {"order": 4, "product": 8, "product_size": "m", "quantity": 2, "lineitem_total": "90.00"}}, {"model": "checkout.orderlineitem", "pk": 6, "fields": {"order": 5, "product": 8, "product_size": "s", "quantity": 3, "lineitem_total": "135.00"}}, {"model": "checkout.orderlineitem", "pk": 7, "fields": {"order": 6, "product": 9, "product_size": "s", "quantity": 1, "lineitem_total": "45.00"}}, {"model": "checkout.orderlineitem", "pk": 8, "fields": {"order": 7, "product": 2, "product_size": "m", "quantity": 1, "lineitem_total": "30.00"}}, {"model": "checkout.orderlineitem", "pk": 9, "fields": {"order": 8, "product": 5, "product_size": "m", "quantity": 3, "lineitem_total": "120.00"}}, {"model": "checkout.orderlineitem", "pk": 10, "fields": {"order": 9, "product": 7, "product_size": "m", "quantity": 1, "lineitem_total": "40.00"}}, {"model": "checkout.orderlineitem", "pk": 11, "fields": {"order": 10, "product": 3, "product_size": "m", "quantity": 1, "lineitem_total": "30.00"}}, {"model": "checkout.orderlineitem", "pk": 12, "fields": {"order": 11, "product": 9, "product_size": "m", "quantity": 1, "lineitem_total": "45.00"}}, {"model": "checkout.orderlineitem", "pk": 13, "fields": {"order": 12, "product": 6, "product_size": "m", "quantity": 1, "lineitem_total": "40.00"}}, {"model": "checkout.orderlineitem", "pk": 14, "fields": {"order": 13, "product": 5, "product_size": "m", "quantity": 1, "lineitem_total": "40.00"}}, {"model": "checkout.orderlineitem", "pk": 15, "fields": {"order": 14, "product": 9, "product_size": "m", "quantity": 1, "lineitem_total": "45.00"}}, {"model": "checkout.orderlineitem", "pk": 16, "fields": {"order": 15, "product": 6, "product_size": "m", "quantity": 1, "lineitem_total": "40.00"}}, {"model": "checkout.orderlineitem", "pk": 17, "fields": {"order": 16, "product": 3, "product_size": "m", "quantity": 1, "lineitem_total": "30.00"}}, {"model": "checkout.orderlineitem", "pk": 18, "fields": {"order": 17, "product": 9, "product_size": "m", "quantity": 1, "lineitem_total": "45.00"}}, {"model": "checkout.orderlineitem", "pk": 19, "fields": {"order": 18, "product": 4, "product_size": "m", "quantity": 1, "lineitem_total": "40.00"}}, {"model": "checkout.orderlineitem", "pk": 20, "fields": {"order": 19, "product": 3, "product_size": "m", "quantity": 1, "lineitem_total": "30.00"}}, {"model": "checkout.orderlineitem", "pk": 21, "fields": {"order": 19, "product": 1, "product_size": "m", "quantity": 1, "lineitem_total": "20.00"}}, {"model": "checkout.orderlineitem", "pk": 22, "fields": {"order": 20, "product": 4, "product_size": "m", "quantity": 1, "lineitem_total": "40.00"}}, {"model": "checkout.orderlineitem", "pk": 23, "fields": {"order": 21, "product": 2, "product_size": "m", "quantity": 1, "lineitem_total": "30.00"}}, {"model": "checkout.orderlineitem", "pk": 24, "fields": {"order": 22, "product": 2, "product_size": "m", "quantity": 1, "lineitem_total": "30.00"}}, {"model": "checkout.orderlineitem", "pk": 25, "fields": {"order": 23, "product": 2, "product_size": "m", "quantity": 2, "lineitem_total": "60.00"}}, {"model": "profiles.userprofile", "pk": 3, "fields": {"user": 4, "default_phone_number": "07785316656", "default_street_address1": "Test road", "default_street_address2": "Test", "default_town_or_city": "Test", "default_county": "Hobbiton", "default_postcode": "42424", "default_country": "GB"}}, {"model": "training.classes", "pk": 1, "fields": {"name": "barbell_boss", "friendly_name": "Barbell Boss", "description": "Barbell Boss - Our brand new transformation block to get you in the best shape. In this 8 week block you'll be provided a nutrition program tailored to your needs, combined with a workout regime that targets those key muscle groups for building a lean aesthetic. This program gives you:\r\n\r\n. Nutritional Support - Daily calories and macros\r\n. 8 Week Workout Program - 2 days a week with class, 1 individual\r\n. Access to your Barbell Boss community - for support and accountability", "price_per_block": "180.00", "price_per_class": null, "image_url": null, "image": "gavin_1_4fd5VPV.jpg"}}, {"model": "training.classes", "pk": 2, "fields": {"name": "barbell_graft", "friendly_name": "Barbell Graft", "description": "Barbell Graft -  A HIIT/Weight class hybrid for those who want to train, feel and look like a beast. Guaranteed to get a sweat on and muscles burning. Calories get torched and muscles get smashed. You get out what you put in. Suitable for all levels of experience. All we ask is you “Just Show Up”.\r\nWith this block you'll get:\r\n\r\n. Support with tracking calories and macros\r\n. 4 high intensity bootcamp style classes a week", "price_per_block": "180.00", "price_per_class": "7.00", "image_url": null, "image": "bb_beast_2_AAt1wLn.jpg"}}, {"model": "training.personaltrainers", "pk": 1, "fields": {"name": "Gavin Smith", "description": "Hi, I'm Gavin Smith, founder of The Barbell Gym movement. After undergoing my own transformation, I decided not just to help people on their own fitness journey, but give them the confidence to train like a beast! I wanted to help people realize that you don't need to give up on your social life to achieve your dream body.\r\n\r\nI provide efficient training programs, focusing on key movements so you're not wasting any time\r\nin the gym. My job is to show what is possible, if you Just Show Up.", "qualifications": ".Level 2 Gym Instructor\r\n.Level 3 Personal Trainer", "price_per_session": "30.00", "price_per_block_4": "110.00", "price_per_block_8": "200.00", "price_per_block_12": "220.00", "email_address": "thebarbellgym.bathgate@gmail.com", "image_url": null, "image": "gavin_1.jpg"}}, {"model": "training.personaltrainers", "pk": 2, "fields": {"name": "Cam Wallace", "description": "Hi, I'm Cam, and i'm just starting out on my PT journey at the Barbell Gym. I started training with Gavin about a year and a half ago and after my own transformation, I was inspired to get the same results for others.\r\n\r\nNow a newly qualified PT, i'm looking to help others on their journey and there's no better place to do it than here, at the Barbell Gym.", "qualifications": ".Level 3 Personal Trainer\r\nHNC & HND in Fitness Health and Exercise", "price_per_session": "29.99", "price_per_block_4": null, "price_per_block_8": null, "price_per_block_12": null, "email_address": null, "image_url": null, "image": "cam_logo_insta_65pbmcs.jpg"}}]